liczba,tresc
1,https://i.imgur.com/DnGoaSy.png
2,https://i.imgur.com/x7UdGff.jpg
3,https://i.imgur.com/3Lz1lhG.jpg
4,https://i.imgur.com/LUNcn5m.jpg
5,https://i.imgur.com/IKqdhZW.jpg
6,https://i.imgur.com/VL5Osza.png
7,https://i.imgur.com/kN7O7fN.jpg
8,https://i.imgur.com/PKs9Cbh.png
9,https://i.imgur.com/j977m6a.jpg
10,https://i.imgur.com/JJhLLAJ.jpg
11,https://i.imgur.com/rWOjYzD.jpg
12,https://i.imgur.com/BGbOLWL.jpg
13,https://i.imgur.com/l1moAZ7.jpg
14,https://i.imgur.com/1lT8XuU.jpg
15,https://i.imgur.com/MPoKuT1.png
16,https://i.imgur.com/0djzZC5.jpg
17,https://i.imgur.com/IMZYhfB.jpg
18,https://i.imgur.com/rVgIAPs.png
19,https://i.imgur.com/IMr2tnc.png
20,https://i.imgur.com/KhS1Wop.jpg
21,https://i.imgur.com/6Is2fnm.png
22,https://i.imgur.com/d5pvsEy.jpg
23,https://i.imgur.com/xzaW6Qf.jpg
24,https://i.imgur.com/NH0OLJY.png
25,https://i.imgur.com/u1CZzi0.jpg
26,https://i.imgur.com/MeyPAtC.png
27,https://i.imgur.com/LUDH8sj.jpg
28,https://i.imgur.com/LonHLMQ.jpg
29,https://i.imgur.com/SF9IK1R.jpg
30,https://i.imgur.com/Wik1ANw.jpg
31,https://i.imgur.com/xfBFl3r.jpg
32,https://i.imgur.com/vaMCvnF.jpg
33,https://i.imgur.com/SijRIOo.jpg